split,model,risk_delta,empty_probability_threshold,load_assumption,load_assumption_description,gross_recommended_estimated_opportunity_kwh,safe_estimated_opportunity_kwh,conflict_estimated_kwh,available_actual_empty_estimated_opportunity_kwh,energy_formula,counterfactual_status
test_daily,Historical average,0.05,0.95,hvac_lighting_full_metered,HVAC south + lighting south at 100% metered kW,94.623046875,94.623046875,0.0,2296.60400390625,sum over intervals of P_t_controllable * 0.25 hour,estimated opportunity only; no counterfactual simulator
test_daily,Historical average,0.1,0.95,hvac_lighting_full_metered,HVAC south + lighting south at 100% metered kW,94.623046875,94.623046875,0.0,2296.60400390625,sum over intervals of P_t_controllable * 0.25 hour,estimated opportunity only; no counterfactual simulator
test_daily,Historical average,0.2,0.725,hvac_lighting_full_metered,HVAC south + lighting south at 100% metered kW,1455.660888671875,1254.3980712890625,201.26266479492188,2296.60400390625,sum over intervals of P_t_controllable * 0.25 hour,estimated opportunity only; no counterfactual simulator
test_daily,LightGBM,0.05,0.95,hvac_lighting_full_metered,HVAC south + lighting south at 100% metered kW,537.878173828125,493.92315673828125,43.9550895690918,2296.60400390625,sum over intervals of P_t_controllable * 0.25 hour,estimated opportunity only; no counterfactual simulator
test_daily,LightGBM,0.1,0.95,hvac_lighting_full_metered,HVAC south + lighting south at 100% metered kW,537.878173828125,493.92315673828125,43.9550895690918,2296.60400390625,sum over intervals of P_t_controllable * 0.25 hour,estimated opportunity only; no counterfactual simulator
test_daily,LightGBM,0.2,0.875,hvac_lighting_full_metered,HVAC south + lighting south at 100% metered kW,1026.34814453125,918.45703125,107.89096069335938,2296.60400390625,sum over intervals of P_t_controllable * 0.25 hour,estimated opportunity only; no counterfactual simulator
test_daily,Random forest,0.05,0.925,hvac_lighting_full_metered,HVAC south + lighting south at 100% metered kW,402.3389587402344,359.5405578613281,42.798370361328125,2296.60400390625,sum over intervals of P_t_controllable * 0.25 hour,estimated opportunity only; no counterfactual simulator
test_daily,Random forest,0.1,0.925,hvac_lighting_full_metered,HVAC south + lighting south at 100% metered kW,402.3389587402344,359.5405578613281,42.798370361328125,2296.60400390625,sum over intervals of P_t_controllable * 0.25 hour,estimated opportunity only; no counterfactual simulator
test_daily,Random forest,0.2,0.85,hvac_lighting_full_metered,HVAC south + lighting south at 100% metered kW,791.5411376953125,705.6163330078125,85.92485046386719,2296.60400390625,sum over intervals of P_t_controllable * 0.25 hour,estimated opportunity only; no counterfactual simulator
test_daily,DLinear,0.05,0.925,hvac_lighting_full_metered,HVAC south + lighting south at 100% metered kW,211.8117218017578,107.17341613769531,104.63832092285156,2296.60400390625,sum over intervals of P_t_controllable * 0.25 hour,estimated opportunity only; no counterfactual simulator
test_daily,DLinear,0.1,0.875,hvac_lighting_full_metered,HVAC south + lighting south at 100% metered kW,421.5311279296875,185.0878448486328,236.44326782226562,2296.60400390625,sum over intervals of P_t_controllable * 0.25 hour,estimated opportunity only; no counterfactual simulator
test_daily,DLinear,0.2,0.8,hvac_lighting_full_metered,HVAC south + lighting south at 100% metered kW,705.1781005859375,254.8434295654297,450.334716796875,2296.60400390625,sum over intervals of P_t_controllable * 0.25 hour,estimated opportunity only; no counterfactual simulator
test_daily,Transformer,0.05,0.9,hvac_lighting_full_metered,HVAC south + lighting south at 100% metered kW,101.53218841552734,97.43921661376953,4.092967987060547,2296.60400390625,sum over intervals of P_t_controllable * 0.25 hour,estimated opportunity only; no counterfactual simulator
test_daily,Transformer,0.1,0.9,hvac_lighting_full_metered,HVAC south + lighting south at 100% metered kW,101.53218841552734,97.43921661376953,4.092967987060547,2296.60400390625,sum over intervals of P_t_controllable * 0.25 hour,estimated opportunity only; no counterfactual simulator
test_daily,Transformer,0.2,0.85,hvac_lighting_full_metered,HVAC south + lighting south at 100% metered kW,305.7698059082031,292.28759765625,13.482231140136719,2296.60400390625,sum over intervals of P_t_controllable * 0.25 hour,estimated opportunity only; no counterfactual simulator
test_daily,Historical average,0.05,0.95,hvac_lighting_conservative,30% HVAC south + 80% lighting south controllable,34.65956497192383,34.65956497192383,0.0,800.00048828125,sum over intervals of P_t_controllable * 0.25 hour,estimated opportunity only; no counterfactual simulator
test_daily,Historical average,0.1,0.95,hvac_lighting_conservative,30% HVAC south + 80% lighting south controllable,34.65956497192383,34.65956497192383,0.0,800.00048828125,sum over intervals of P_t_controllable * 0.25 hour,estimated opportunity only; no counterfactual simulator
test_daily,Historical average,0.2,0.725,hvac_lighting_conservative,30% HVAC south + 80% lighting south controllable,501.3161926269531,433.1211242675781,68.19507598876953,800.00048828125,sum over intervals of P_t_controllable * 0.25 hour,estimated opportunity only; no counterfactual simulator
test_daily,LightGBM,0.05,0.95,hvac_lighting_conservative,30% HVAC south + 80% lighting south controllable,188.4815216064453,173.9976043701172,14.483922958374023,800.00048828125,sum over intervals of P_t_controllable * 0.25 hour,estimated opportunity only; no counterfactual simulator
test_daily,LightGBM,0.1,0.95,hvac_lighting_conservative,30% HVAC south + 80% lighting south controllable,188.4815216064453,173.9976043701172,14.483922958374023,800.00048828125,sum over intervals of P_t_controllable * 0.25 hour,estimated opportunity only; no counterfactual simulator
test_daily,LightGBM,0.2,0.875,hvac_lighting_conservative,30% HVAC south + 80% lighting south controllable,361.3104553222656,324.4696044921875,36.840850830078125,800.00048828125,sum over intervals of P_t_controllable * 0.25 hour,estimated opportunity only; no counterfactual simulator
test_daily,Random forest,0.05,0.925,hvac_lighting_conservative,30% HVAC south + 80% lighting south controllable,148.2587127685547,134.81924438476562,13.439470291137695,800.00048828125,sum over intervals of P_t_controllable * 0.25 hour,estimated opportunity only; no counterfactual simulator
test_daily,Random forest,0.1,0.925,hvac_lighting_conservative,30% HVAC south + 80% lighting south controllable,148.2587127685547,134.81924438476562,13.439470291137695,800.00048828125,sum over intervals of P_t_controllable * 0.25 hour,estimated opportunity only; no counterfactual simulator
test_daily,Random forest,0.2,0.85,hvac_lighting_conservative,30% HVAC south + 80% lighting south controllable,287.3301696777344,258.20037841796875,29.129810333251953,800.00048828125,sum over intervals of P_t_controllable * 0.25 hour,estimated opportunity only; no counterfactual simulator
test_daily,DLinear,0.05,0.925,hvac_lighting_conservative,30% HVAC south + 80% lighting south controllable,75.67999267578125,38.42494201660156,37.25505828857422,800.00048828125,sum over intervals of P_t_controllable * 0.25 hour,estimated opportunity only; no counterfactual simulator
test_daily,DLinear,0.1,0.875,hvac_lighting_conservative,30% HVAC south + 80% lighting south controllable,157.52862548828125,62.67156219482422,94.85706329345703,800.00048828125,sum over intervals of P_t_controllable * 0.25 hour,estimated opportunity only; no counterfactual simulator
test_daily,DLinear,0.2,0.8,hvac_lighting_conservative,30% HVAC south + 80% lighting south controllable,283.4991455078125,84.99886322021484,198.50027465820312,800.00048828125,sum over intervals of P_t_controllable * 0.25 hour,estimated opportunity only; no counterfactual simulator
test_daily,Transformer,0.05,0.9,hvac_lighting_conservative,30% HVAC south + 80% lighting south controllable,35.423404693603516,33.45363998413086,1.9697654247283936,800.00048828125,sum over intervals of P_t_controllable * 0.25 hour,estimated opportunity only; no counterfactual simulator
test_daily,Transformer,0.1,0.9,hvac_lighting_conservative,30% HVAC south + 80% lighting south controllable,35.423404693603516,33.45363998413086,1.9697654247283936,800.00048828125,sum over intervals of P_t_controllable * 0.25 hour,estimated opportunity only; no counterfactual simulator
test_daily,Transformer,0.2,0.85,hvac_lighting_conservative,30% HVAC south + 80% lighting south controllable,100.58219909667969,95.28691101074219,5.295294284820557,800.00048828125,sum over intervals of P_t_controllable * 0.25 hour,estimated opportunity only; no counterfactual simulator
test_daily,Historical average,0.05,0.95,lighting_only_full,Lighting south at 100% metered kW,12.54529857635498,12.54529857635498,0.0,222.0384521484375,sum over intervals of P_t_controllable * 0.25 hour,estimated opportunity only; no counterfactual simulator
test_daily,Historical average,0.1,0.95,lighting_only_full,Lighting south at 100% metered kW,12.54529857635498,12.54529857635498,0.0,222.0384521484375,sum over intervals of P_t_controllable * 0.25 hour,estimated opportunity only; no counterfactual simulator
test_daily,Historical average,0.2,0.725,lighting_only_full,Lighting south at 100% metered kW,129.2359161376953,113.60337829589844,15.632543563842773,222.0384521484375,sum over intervals of P_t_controllable * 0.25 hour,estimated opportunity only; no counterfactual simulator
test_daily,LightGBM,0.05,0.95,lighting_only_full,Lighting south at 100% metered kW,54.23609161376953,51.64129638671875,2.594791889190674,222.0384521484375,sum over intervals of P_t_controllable * 0.25 hour,estimated opportunity only; no counterfactual simulator
test_daily,LightGBM,0.1,0.95,lighting_only_full,Lighting south at 100% metered kW,54.23609161376953,51.64129638671875,2.594791889190674,222.0384521484375,sum over intervals of P_t_controllable * 0.25 hour,estimated opportunity only; no counterfactual simulator
test_daily,LightGBM,0.2,0.875,lighting_only_full,Lighting south at 100% metered kW,106.81208038330078,97.86495971679688,8.947125434875488,222.0384521484375,sum over intervals of P_t_controllable * 0.25 hour,estimated opportunity only; no counterfactual simulator
test_daily,Random forest,0.05,0.925,lighting_only_full,Lighting south at 100% metered kW,55.11404037475586,53.914119720458984,1.1999166011810303,222.0384521484375,sum over intervals of P_t_controllable * 0.25 hour,estimated opportunity only; no counterfactual simulator
test_daily,Random forest,0.1,0.925,lighting_only_full,Lighting south at 100% metered kW,55.11404037475586,53.914119720458984,1.1999166011810303,222.0384521484375,sum over intervals of P_t_controllable * 0.25 hour,estimated opportunity only; no counterfactual simulator
test_daily,Random forest,0.2,0.85,lighting_only_full,Lighting south at 100% metered kW,99.7356185913086,93.0309066772461,6.704708576202393,222.0384521484375,sum over intervals of P_t_controllable * 0.25 hour,estimated opportunity only; no counterfactual simulator
test_daily,DLinear,0.05,0.925,lighting_only_full,Lighting south at 100% metered kW,24.27295684814453,12.545833587646484,11.72712516784668,222.0384521484375,sum over intervals of P_t_controllable * 0.25 hour,estimated opportunity only; no counterfactual simulator
test_daily,DLinear,0.1,0.875,lighting_only_full,Lighting south at 100% metered kW,62.13858413696289,14.290416717529297,47.848167419433594,222.0384521484375,sum over intervals of P_t_controllable * 0.25 hour,estimated opportunity only; no counterfactual simulator
test_daily,DLinear,0.2,0.8,lighting_only_full,Lighting south at 100% metered kW,143.89141845703125,17.09166717529297,126.79975128173828,222.0384521484375,sum over intervals of P_t_controllable * 0.25 hour,estimated opportunity only; no counterfactual simulator
test_daily,Transformer,0.05,0.9,lighting_only_full,Lighting south at 100% metered kW,9.927499771118164,8.443750381469727,1.4837499856948853,222.0384521484375,sum over intervals of P_t_controllable * 0.25 hour,estimated opportunity only; no counterfactual simulator
test_daily,Transformer,0.1,0.9,lighting_only_full,Lighting south at 100% metered kW,9.927499771118164,8.443750381469727,1.4837499856948853,222.0384521484375,sum over intervals of P_t_controllable * 0.25 hour,estimated opportunity only; no counterfactual simulator
test_daily,Transformer,0.2,0.85,lighting_only_full,Lighting south at 100% metered kW,17.702499389648438,15.201250076293945,2.5012497901916504,222.0384521484375,sum over intervals of P_t_controllable * 0.25 hour,estimated opportunity only; no counterfactual simulator
test_daily,Historical average,0.05,0.95,hvac_only_conservative,30% HVAC south controllable,24.62332534790039,24.62332534790039,0.0,622.3697509765625,sum over intervals of P_t_controllable * 0.25 hour,estimated opportunity only; no counterfactual simulator
test_daily,Historical average,0.1,0.95,hvac_only_conservative,30% HVAC south controllable,24.62332534790039,24.62332534790039,0.0,622.3697509765625,sum over intervals of P_t_controllable * 0.25 hour,estimated opportunity only; no counterfactual simulator
test_daily,Historical average,0.2,0.725,hvac_only_conservative,30% HVAC south controllable,397.927490234375,342.23846435546875,55.68904113769531,622.3697509765625,sum over intervals of P_t_controllable * 0.25 hour,estimated opportunity only; no counterfactual simulator
test_daily,LightGBM,0.05,0.95,hvac_only_conservative,30% HVAC south controllable,145.0926513671875,132.6845703125,12.408089637756348,622.3697509765625,sum over intervals of P_t_controllable * 0.25 hour,estimated opportunity only; no counterfactual simulator
test_daily,LightGBM,0.1,0.95,hvac_only_conservative,30% HVAC south controllable,145.0926513671875,132.6845703125,12.408089637756348,622.3697509765625,sum over intervals of P_t_controllable * 0.25 hour,estimated opportunity only; no counterfactual simulator
test_daily,LightGBM,0.2,0.875,hvac_only_conservative,30% HVAC south controllable,275.86077880859375,246.17764282226562,29.683151245117188,622.3697509765625,sum over intervals of P_t_controllable * 0.25 hour,estimated opportunity only; no counterfactual simulator
test_daily,Random forest,0.05,0.925,hvac_only_conservative,30% HVAC south controllable,104.16747283935547,91.68794250488281,12.479537010192871,622.3697509765625,sum over intervals of P_t_controllable * 0.25 hour,estimated opportunity only; no counterfactual simulator
test_daily,Random forest,0.1,0.925,hvac_only_conservative,30% HVAC south controllable,104.16747283935547,91.68794250488281,12.479537010192871,622.3697509765625,sum over intervals of P_t_controllable * 0.25 hour,estimated opportunity only; no counterfactual simulator
test_daily,Random forest,0.2,0.85,hvac_only_conservative,30% HVAC south controllable,207.5417022705078,183.77565002441406,23.76604652404785,622.3697509765625,sum over intervals of P_t_controllable * 0.25 hour,estimated opportunity only; no counterfactual simulator
test_daily,DLinear,0.05,0.925,hvac_only_conservative,30% HVAC south controllable,56.261634826660156,28.388275146484375,27.87335777282715,622.3697509765625,sum over intervals of P_t_controllable * 0.25 hour,estimated opportunity only; no counterfactual simulator
test_daily,DLinear,0.1,0.875,hvac_only_conservative,30% HVAC south controllable,107.8177490234375,51.239227294921875,56.578529357910156,622.3697509765625,sum over intervals of P_t_controllable * 0.25 hour,estimated opportunity only; no counterfactual simulator
test_daily,DLinear,0.2,0.8,hvac_only_conservative,30% HVAC south controllable,168.38601684570312,71.32553100585938,97.06048583984375,622.3697509765625,sum over intervals of P_t_controllable * 0.25 hour,estimated opportunity only; no counterfactual simulator
test_daily,Transformer,0.05,0.9,hvac_only_conservative,30% HVAC south controllable,27.481407165527344,26.698640823364258,0.7827653884887695,622.3697509765625,sum over intervals of P_t_controllable * 0.25 hour,estimated opportunity only; no counterfactual simulator
test_daily,Transformer,0.1,0.9,hvac_only_conservative,30% HVAC south controllable,27.481407165527344,26.698640823364258,0.7827653884887695,622.3697509765625,sum over intervals of P_t_controllable * 0.25 hour,estimated opportunity only; no counterfactual simulator
test_daily,Transformer,0.2,0.85,hvac_only_conservative,30% HVAC south controllable,86.42019653320312,83.12590026855469,3.2942943572998047,622.3697509765625,sum over intervals of P_t_controllable * 0.25 hour,estimated opportunity only; no counterfactual simulator
test_daily,Historical average,0.05,0.95,hvac_lighting_plug_conservative,30% HVAC + 80% lighting + 10% plug/MELs south controllable,36.917476654052734,36.917476654052734,0.0,842.81787109375,sum over intervals of P_t_controllable * 0.25 hour,estimated opportunity only; no counterfactual simulator
test_daily,Historical average,0.1,0.95,hvac_lighting_plug_conservative,30% HVAC + 80% lighting + 10% plug/MELs south controllable,36.917476654052734,36.917476654052734,0.0,842.81787109375,sum over intervals of P_t_controllable * 0.25 hour,estimated opportunity only; no counterfactual simulator
test_daily,Historical average,0.2,0.725,hvac_lighting_plug_conservative,30% HVAC + 80% lighting + 10% plug/MELs south controllable,526.59716796875,456.1536560058594,70.44352722167969,842.81787109375,sum over intervals of P_t_controllable * 0.25 hour,estimated opportunity only; no counterfactual simulator
test_daily,LightGBM,0.05,0.95,hvac_lighting_plug_conservative,30% HVAC + 80% lighting + 10% plug/MELs south controllable,197.72715759277344,182.8551025390625,14.872047424316406,842.81787109375,sum over intervals of P_t_controllable * 0.25 hour,estimated opportunity only; no counterfactual simulator
test_daily,LightGBM,0.1,0.95,hvac_lighting_plug_conservative,30% HVAC + 80% lighting + 10% plug/MELs south controllable,197.72715759277344,182.8551025390625,14.872047424316406,842.81787109375,sum over intervals of P_t_controllable * 0.25 hour,estimated opportunity only; no counterfactual simulator
test_daily,LightGBM,0.2,0.875,hvac_lighting_plug_conservative,30% HVAC + 80% lighting + 10% plug/MELs south controllable,379.91851806640625,341.6155700683594,38.30298614501953,842.81787109375,sum over intervals of P_t_controllable * 0.25 hour,estimated opportunity only; no counterfactual simulator
test_daily,Random forest,0.05,0.925,hvac_lighting_plug_conservative,30% HVAC + 80% lighting + 10% plug/MELs south controllable,155.14015197753906,141.3740234375,13.766136169433594,842.81787109375,sum over intervals of P_t_controllable * 0.25 hour,estimated opportunity only; no counterfactual simulator
test_daily,Random forest,0.1,0.925,hvac_lighting_plug_conservative,30% HVAC + 80% lighting + 10% plug/MELs south controllable,155.14015197753906,141.3740234375,13.766136169433594,842.81787109375,sum over intervals of P_t_controllable * 0.25 hour,estimated opportunity only; no counterfactual simulator
test_daily,Random forest,0.2,0.85,hvac_lighting_plug_conservative,30% HVAC + 80% lighting + 10% plug/MELs south controllable,301.5277099609375,271.45245361328125,30.075246810913086,842.81787109375,sum over intervals of P_t_controllable * 0.25 hour,estimated opportunity only; no counterfactual simulator
test_daily,DLinear,0.05,0.925,hvac_lighting_plug_conservative,30% HVAC + 80% lighting + 10% plug/MELs south controllable,79.16112518310547,40.474430084228516,38.68669509887695,842.81787109375,sum over intervals of P_t_controllable * 0.25 hour,estimated opportunity only; no counterfactual simulator
test_daily,DLinear,0.1,0.875,hvac_lighting_plug_conservative,30% HVAC + 80% lighting + 10% plug/MELs south controllable,165.98052978515625,65.67334747314453,100.30718231201172,842.81787109375,sum over intervals of P_t_controllable * 0.25 hour,estimated opportunity only; no counterfactual simulator
test_daily,DLinear,0.2,0.8,hvac_lighting_plug_conservative,30% HVAC + 80% lighting + 10% plug/MELs south controllable,305.2867126464844,88.97607421875,216.31065368652344,842.81787109375,sum over intervals of P_t_controllable * 0.25 hour,estimated opportunity only; no counterfactual simulator
test_daily,Transformer,0.05,0.9,hvac_lighting_plug_conservative,30% HVAC + 80% lighting + 10% plug/MELs south controllable,36.767391204833984,34.6713752746582,2.096015453338623,842.81787109375,sum over intervals of P_t_controllable * 0.25 hour,estimated opportunity only; no counterfactual simulator
test_daily,Transformer,0.1,0.9,hvac_lighting_plug_conservative,30% HVAC + 80% lighting + 10% plug/MELs south controllable,36.767391204833984,34.6713752746582,2.096015453338623,842.81787109375,sum over intervals of P_t_controllable * 0.25 hour,estimated opportunity only; no counterfactual simulator
test_daily,Transformer,0.2,0.85,hvac_lighting_plug_conservative,30% HVAC + 80% lighting + 10% plug/MELs south controllable,104.17549133300781,98.63394165039062,5.541544437408447,842.81787109375,sum over intervals of P_t_controllable * 0.25 hour,estimated opportunity only; no counterfactual simulator
test_daily,Historical average,0.05,0.95,total_south_30pct,30% of total south electricity; component meters not added to avoid double counting,35.16065216064453,35.16065216064453,0.0,817.4334716796875,sum over intervals of P_t_controllable * 0.25 hour,estimated opportunity only; no counterfactual simulator
test_daily,Historical average,0.1,0.95,total_south_30pct,30% of total south electricity; component meters not added to avoid double counting,35.16065216064453,35.16065216064453,0.0,817.4334716796875,sum over intervals of P_t_controllable * 0.25 hour,estimated opportunity only; no counterfactual simulator
test_daily,Historical average,0.2,0.725,total_south_30pct,30% of total south electricity; component meters not added to avoid double counting,512.5411376953125,445.4169921875,67.12417602539062,817.4334716796875,sum over intervals of P_t_controllable * 0.25 hour,estimated opportunity only; no counterfactual simulator
test_daily,LightGBM,0.05,0.95,total_south_30pct,30% of total south electricity; component meters not added to avoid double counting,189.1003875732422,174.74948120117188,14.35090160369873,817.4334716796875,sum over intervals of P_t_controllable * 0.25 hour,estimated opportunity only; no counterfactual simulator
test_daily,LightGBM,0.1,0.95,total_south_30pct,30% of total south electricity; component meters not added to avoid double counting,189.1003875732422,174.74948120117188,14.35090160369873,817.4334716796875,sum over intervals of P_t_controllable * 0.25 hour,estimated opportunity only; no counterfactual simulator
test_daily,LightGBM,0.2,0.875,total_south_30pct,30% of total south electricity; component meters not added to avoid double counting,363.7286376953125,326.97491455078125,36.75368881225586,817.4334716796875,sum over intervals of P_t_controllable * 0.25 hour,estimated opportunity only; no counterfactual simulator
test_daily,Random forest,0.05,0.925,total_south_30pct,30% of total south electricity; component meters not added to avoid double counting,141.34603881835938,127.52651977539062,13.819511413574219,817.4334716796875,sum over intervals of P_t_controllable * 0.25 hour,estimated opportunity only; no counterfactual simulator
test_daily,Random forest,0.1,0.925,total_south_30pct,30% of total south electricity; component meters not added to avoid double counting,141.34603881835938,127.52651977539062,13.819511413574219,817.4334716796875,sum over intervals of P_t_controllable * 0.25 hour,estimated opportunity only; no counterfactual simulator
test_daily,Random forest,0.2,0.85,total_south_30pct,30% of total south electricity; component meters not added to avoid double counting,280.054931640625,251.44119262695312,28.61376190185547,817.4334716796875,sum over intervals of P_t_controllable * 0.25 hour,estimated opportunity only; no counterfactual simulator
test_daily,DLinear,0.05,0.925,total_south_30pct,30% of total south electricity; component meters not added to avoid double counting,73.98690032958984,38.30049133300781,35.686405181884766,817.4334716796875,sum over intervals of P_t_controllable * 0.25 hour,estimated opportunity only; no counterfactual simulator
test_daily,DLinear,0.1,0.875,total_south_30pct,30% of total south electricity; component meters not added to avoid double counting,151.8150634765625,64.53170776367188,87.28335571289062,817.4334716796875,sum over intervals of P_t_controllable * 0.25 hour,estimated opportunity only; no counterfactual simulator
test_daily,DLinear,0.2,0.8,total_south_30pct,30% of total south electricity; component meters not added to avoid double counting,276.9161376953125,88.38467407226562,188.531494140625,817.4334716796875,sum over intervals of P_t_controllable * 0.25 hour,estimated opportunity only; no counterfactual simulator
test_daily,Transformer,0.05,0.9,total_south_30pct,30% of total south electricity; component meters not added to avoid double counting,34.491615295410156,32.884971618652344,1.6066404581069946,817.4334716796875,sum over intervals of P_t_controllable * 0.25 hour,estimated opportunity only; no counterfactual simulator
test_daily,Transformer,0.1,0.9,total_south_30pct,30% of total south electricity; component meters not added to avoid double counting,34.491615295410156,32.884971618652344,1.6066404581069946,817.4334716796875,sum over intervals of P_t_controllable * 0.25 hour,estimated opportunity only; no counterfactual simulator
test_daily,Transformer,0.2,0.85,total_south_30pct,30% of total south electricity; component meters not added to avoid double counting,102.51081848144531,97.72738647460938,4.783419609069824,817.4334716796875,sum over intervals of P_t_controllable * 0.25 hour,estimated opportunity only; no counterfactual simulator
