date,actual_occupied,predicted_empty_probability,recommend_empty_stable
2019-02-10 00:15:00-08:00,1.0,0.6296296,False
2019-02-10 00:30:00-08:00,1.0,0.5925926,False
2019-02-10 00:45:00-08:00,1.0,0.5925926,False
2019-02-10 01:00:00-08:00,1.0,0.57142854,False
2019-02-10 01:15:00-08:00,1.0,0.57142854,False
2019-02-10 01:30:00-08:00,1.0,0.53571427,False
2019-02-10 01:45:00-08:00,0.0,0.60714287,False
2019-02-10 02:00:00-08:00,0.0,0.5555556,False
2019-02-10 02:15:00-08:00,0.0,0.5555556,False
2019-02-10 02:30:00-08:00,0.0,0.5555556,False
2019-02-10 02:45:00-08:00,0.0,0.6296296,False
2019-02-10 03:00:00-08:00,0.0,0.8518518,False
2019-02-10 03:15:00-08:00,0.0,0.8518518,False
2019-02-10 03:30:00-08:00,0.0,0.7777778,False
2019-02-10 03:45:00-08:00,0.0,0.8888889,False
2019-02-10 04:00:00-08:00,0.0,0.962963,True
2019-02-10 04:15:00-08:00,0.0,0.962963,True
2019-02-10 04:30:00-08:00,0.0,0.962963,True
2019-02-10 04:45:00-08:00,0.0,0.962963,True
2019-02-10 05:00:00-08:00,0.0,0.962963,True
2019-02-10 05:15:00-08:00,0.0,0.962963,True
2019-02-10 05:30:00-08:00,0.0,0.9259259,False
2019-02-10 05:45:00-08:00,0.0,0.962963,False
2019-02-10 06:00:00-08:00,0.0,0.962963,False
2019-02-10 06:15:00-08:00,0.0,0.9259259,False
2019-02-10 06:30:00-08:00,0.0,0.962963,False
2019-02-10 06:45:00-08:00,0.0,0.962963,False
2019-02-10 07:00:00-08:00,0.0,0.9259259,False
2019-02-10 07:15:00-08:00,0.0,0.9259259,False
2019-02-10 07:30:00-08:00,0.0,0.9259259,False
2019-02-10 07:45:00-08:00,0.0,0.9259259,False
2019-02-10 08:00:00-08:00,0.0,0.8888889,False
2019-02-10 08:15:00-08:00,0.0,0.8888889,False
2019-02-10 08:30:00-08:00,0.0,0.8888889,False
2019-02-10 08:45:00-08:00,0.0,0.7777778,False
2019-02-10 09:00:00-08:00,0.0,0.8148148,False
2019-02-10 09:15:00-08:00,0.0,0.8148148,False
2019-02-10 09:30:00-08:00,0.0,0.8148148,False
2019-02-10 09:45:00-08:00,0.0,0.8148148,False
2019-02-10 10:00:00-08:00,0.0,0.7777778,False
2019-02-10 10:15:00-08:00,0.0,0.8148148,False
2019-02-10 10:30:00-08:00,0.0,0.8148148,False
2019-02-10 10:45:00-08:00,0.0,0.8148148,False
2019-02-10 11:00:00-08:00,0.0,0.7777778,False
2019-02-10 11:15:00-08:00,0.0,0.8148148,False
2019-02-10 11:30:00-08:00,0.0,0.8148148,False
2019-02-10 11:45:00-08:00,0.0,0.8148148,False
2019-02-10 12:00:00-08:00,0.0,0.7777778,False
2019-02-10 12:15:00-08:00,0.0,0.7777778,False
2019-02-10 12:30:00-08:00,0.0,0.7777778,False
2019-02-10 12:45:00-08:00,0.0,0.7777778,False
2019-02-10 13:00:00-08:00,0.0,0.7777778,False
2019-02-10 13:15:00-08:00,0.0,0.7777778,False
2019-02-10 13:30:00-08:00,0.0,0.7037037,False
2019-02-10 13:45:00-08:00,1.0,0.7037037,False
2019-02-10 14:00:00-08:00,0.0,0.7407408,False
2019-02-10 14:15:00-08:00,0.0,0.7407408,False
2019-02-10 14:30:00-08:00,0.0,0.7037037,False
2019-02-10 14:45:00-08:00,0.0,0.7407408,False
2019-02-10 15:00:00-08:00,0.0,0.6666666,False
2019-02-10 15:15:00-08:00,0.0,0.7037037,False
2019-02-10 15:30:00-08:00,0.0,0.7407408,False
2019-02-10 15:45:00-08:00,0.0,0.7407408,False
2019-02-10 16:00:00-08:00,1.0,0.7037037,False
2019-02-10 16:15:00-08:00,1.0,0.7407408,False
2019-02-10 16:30:00-08:00,0.0,0.7407408,False
2019-02-10 16:45:00-08:00,0.0,0.7407408,False
2019-02-10 17:00:00-08:00,0.0,0.7037037,False
2019-02-10 17:15:00-08:00,0.0,0.7037037,False
2019-02-10 17:30:00-08:00,0.0,0.7037037,False
2019-02-10 17:45:00-08:00,0.0,0.7037037,False
2019-02-10 18:00:00-08:00,0.0,0.7407408,False
2019-02-10 18:15:00-08:00,1.0,0.7777778,False
2019-02-10 18:30:00-08:00,0.0,0.7407408,False
2019-02-10 18:45:00-08:00,0.0,0.7407408,False
2019-02-10 19:00:00-08:00,0.0,0.5925926,False
2019-02-10 19:15:00-08:00,0.0,0.7037037,False
2019-02-10 19:30:00-08:00,0.0,0.6666666,False
2019-02-10 19:45:00-08:00,0.0,0.6666666,False
2019-02-10 20:00:00-08:00,0.0,0.6296296,False
2019-02-10 20:15:00-08:00,0.0,0.5925926,False
2019-02-10 20:30:00-08:00,0.0,0.5185185,False
2019-02-10 20:45:00-08:00,0.0,0.5185185,False
2019-02-10 21:00:00-08:00,0.0,0.5555556,False
2019-02-10 21:15:00-08:00,0.0,0.5555556,False
2019-02-10 21:30:00-08:00,0.0,0.5185185,False
2019-02-10 21:45:00-08:00,0.0,0.5185185,False
2019-02-10 22:00:00-08:00,0.0,0.5185185,False
2019-02-10 22:15:00-08:00,0.0,0.5185185,False
2019-02-10 22:30:00-08:00,0.0,0.5185185,False
2019-02-10 22:45:00-08:00,0.0,0.5185185,False
2019-02-10 23:00:00-08:00,0.0,0.44444442,False
2019-02-10 23:15:00-08:00,0.0,0.4814815,False
2019-02-10 23:30:00-08:00,0.0,0.4814815,False
2019-02-10 23:45:00-08:00,0.0,0.5555556,False
2019-02-11 00:00:00-08:00,0.0,0.7307692,False
