model,policy,empty_probability_threshold,stable_empty_min_steps,recommendation_rate,occupancy_conflict_rate,standard_fpr_occupied_denominator,missed_opportunity_rate,empty_window_precision,empty_window_recall,recommendation_count,occupancy_conflict_count,safe_shiftable_load_opportunity_kwh,gross_shiftable_load_opportunity_kwh,raw_recommended_controllable_kwh,conflict_controllable_kwh,available_empty_controllable_kwh,safe_energy_capture_rate,safe_recommended_intervals,split,daily_anchor_count,pareto_frontier
DLinear,test_daily_threshold_sweep,0.95,4,0.0084786821705426,0.1142857142857142,0.0013418316001341,0.972972972972973,0.8857142857142857,0.027027027027027,35,4,79.2219009399414,99.91618347167967,99.91618347167967,20.69428443908691,2296.60400390625,0.0344952376662212,31,test_daily,43,True
DLinear,test_daily_threshold_sweep,0.925,4,0.0220445736434108,0.3296703296703296,0.0100637370010063,0.946817785527463,0.6703296703296703,0.053182214472537,91,30,107.17341613769533,211.8117218017578,211.8117218017578,104.63832092285156,2296.60400390625,0.0466660407956295,61,test_daily,43,True
DLinear,test_daily_threshold_sweep,0.65,4,0.1969476744186046,0.3960639606396064,0.1080174438108017,0.5719267654751525,0.6039360393603936,0.4280732345248474,813,322,1139.629150390625,2243.68994140625,2243.68994140625,1104.0609130859375,2296.60400390625,0.4962236190707024,491,test_daily,43,True
DLinear,test_daily_threshold_sweep,0.6,4,0.2248062015503876,0.4040948275862069,0.1257967125125796,0.5178727114210985,0.5959051724137931,0.4821272885789014,928,375,1280.98681640625,2499.559814453125,2499.559814453125,1218.572998046875,2296.60400390625,0.5577743547548658,553,test_daily,43,True
DLinear,test_daily_threshold_sweep,0.55,4,0.2550872093023256,0.4140550807217474,0.1462596444146259,0.4620749782040104,0.5859449192782527,0.5379250217959896,1053,436,1357.913330078125,2722.221435546875,2722.221435546875,1364.30810546875,2296.60400390625,0.5912701222189267,617,test_daily,43,True
DLinear,test_daily_threshold_sweep,0.525,4,0.2657461240310077,0.4147675478577939,0.1526333445152633,0.4402789886660854,0.585232452142206,0.5597210113339146,1097,455,1378.411376953125,2789.65234375,2789.65234375,1411.240966796875,2296.60400390625,0.6001954950041938,642,test_daily,43,True
DLinear,test_daily_threshold_sweep,0.5,4,0.2795542635658914,0.4194107452339688,0.1623616236162361,0.4158674803836094,0.5805892547660312,0.5841325196163906,1154,484,1439.0135498046875,2903.3203125,2903.3203125,1464.306884765625,2296.60400390625,0.6265832278255619,670,test_daily,43,True
DLinear,test_daily_threshold_sweep,0.475,4,0.2890019379844961,0.4199497066219614,0.1680644079168064,0.3966870095902354,0.5800502933780386,0.6033129904097646,1193,501,1456.0750732421875,2948.77880859375,2948.77880859375,1492.70361328125,2296.60400390625,0.6340122505950425,692,test_daily,43,True
DLinear,test_daily_threshold_sweep,0.45,4,0.3020833333333333,0.4322373696872494,0.1808118081180811,0.3827375762859634,0.5677626303127506,0.6172624237140366,1247,539,1485.507080078125,3097.02978515625,3097.02978515625,1611.5224609375,2296.60400390625,0.6468276975706104,708,test_daily,43,True
DLinear,test_daily_threshold_sweep,0.425,4,0.313953488372093,0.4382716049382716,0.190540087219054,0.3653007846556234,0.5617283950617284,0.6346992153443767,1296,568,1514.638427734375,3221.515869140625,3221.515869140625,1706.8773193359375,2296.60400390625,0.659512229865556,728,test_daily,43,True
DLinear,test_daily_threshold_sweep,0.4,4,0.3316375968992248,0.4587289992695398,0.2106675612210667,0.3539668700959023,0.5412710007304602,0.6460331299040977,1369,628,1526.8946533203125,3375.7060546875,3375.7060546875,1848.811279296875,2296.60400390625,0.6648489033038549,741,test_daily,43,True
DLinear,test_daily_threshold_sweep,0.375,4,0.3730620155038759,0.5045454545454545,0.2606507883260651,0.3347863993025283,0.4954545454545455,0.6652136006974717,1540,777,1568.0096435546875,3935.164306640625,3935.164306640625,2367.15478515625,2296.60400390625,0.6827514194383053,763,test_daily,43,True
DLinear,test_daily_threshold_sweep,0.35,4,0.4583333333333333,0.572938689217759,0.3636363636363636,0.2955536181342633,0.427061310782241,0.7044463818657367,1892,1084,1628.4537353515625,4969.3115234375,4969.3115234375,3340.85791015625,2296.60400390625,0.7090703197337271,808,test_daily,43,True
DLinear,test_daily_threshold_sweep,0.325,4,0.6145833333333334,0.6468269609775326,0.5504864139550486,0.2188317349607672,0.3531730390224675,0.7811682650392328,2537,1641,1784.56982421875,7049.02880859375,7049.02880859375,5264.458984375,2296.60400390625,0.7770472494097411,896,test_daily,43,True
DLinear,test_daily_threshold_sweep,0.3,4,0.7170542635658915,0.6736486486486486,0.6689030526668903,0.1578029642545771,0.3263513513513513,0.8421970357454228,2960,1994,1919.4154052734375,8302.078125,8302.078125,6382.6630859375,2296.60400390625,0.8357624570926204,966,test_daily,43,True
DLinear,test_daily_threshold_sweep,0.275,4,0.7904554263565892,0.6858718970272755,0.7507547802750755,0.1063644289450741,0.3141281029727245,0.8936355710549259,3263,2238,2057.140625,9324.9619140625,9324.9619140625,7267.82080078125,2296.60400390625,0.8957315329508477,1025,test_daily,43,True
DLinear,test_daily_threshold_sweep,0.25,4,0.874031007751938,0.6940133037694013,0.8399865816839986,0.037489102005231,0.3059866962305986,0.962510897994769,3608,2504,2154.15087890625,10378.22265625,10378.22265625,8224.072265625,2296.60400390625,0.9379722735144134,1104,test_daily,43,True
DLinear,test_daily_threshold_sweep,0.225,4,0.8975290697674418,0.6987854251012146,0.86850050318685,0.027027027027027,0.3012145748987854,0.972972972972973,3705,2589,2184.01171875,10664.3583984375,10664.3583984375,8480.34765625,2296.60400390625,0.9509744453267764,1116,test_daily,43,True
DLinear,test_daily_threshold_sweep,0.2,4,0.9212693798449612,0.7020773073889035,0.8956725930895673,0.012205754141238,0.2979226926110965,0.987794245858762,3803,2670,2248.775390625,11020.10546875,11020.10546875,8771.330078125,2296.60400390625,0.97917420103775,1133,test_daily,43,True
DLinear,test_daily_threshold_sweep,0.175,4,0.930717054263566,0.7038001041124414,0.9070781616907078,0.007846556233653,0.2961998958875586,0.992153443766347,3842,2704,2266.3779296875,11127.615234375,11127.615234375,8861.2373046875,2296.60400390625,0.9868387958188094,1138,test_daily,43,True
DLinear,test_daily_threshold_sweep,0.15,4,0.9416182170542636,0.7064574221764858,0.9211673934921168,0.005231037489102,0.2935425778235143,0.994768962510898,3887,2746,2270.856201171875,11260.91015625,11260.91015625,8990.0537109375,2296.60400390625,0.988788749522956,1141,test_daily,43,True
DLinear,test_daily_threshold_sweep,0.125,4,0.9525193798449612,0.7095625635808749,0.9359275410935928,0.004359197907585,0.2904374364191251,0.995640802092415,3932,2790,2276.617919921875,11402.6455078125,11402.6455078125,9126.0283203125,2296.60400390625,0.991297548924246,1142,test_daily,43,True
DLinear,test_daily_threshold_sweep,0.1,4,0.9602713178294574,0.7119071644803229,0.9466621938946662,0.004359197907585,0.288092835519677,0.995640802092415,3964,2822,2276.617919921875,11491.876953125,11491.876953125,9215.259765625,2296.60400390625,0.991297548924246,1142,test_daily,43,True
DLinear,test_daily_threshold_sweep,0.075,4,0.969234496124031,0.7133216695826043,0.9573968466957395,0.0,0.2866783304173956,1.0,4001,2854,2296.60400390625,11608.98046875,11608.98046875,9312.376953125,2296.60400390625,1.0,1147,test_daily,43,True
DLinear,test_daily_threshold_sweep,0.05,4,0.9888565891472868,0.7190102890739833,0.9845689365984568,0.0,0.2809897109260166,1.0,4082,2935,2296.60400390625,11829.974609375,11829.974609375,9533.3701171875,2296.60400390625,1.0,1147,test_daily,43,True
Historical average,test_daily_threshold_sweep,0.95,4,0.0159883720930232,0.0,0.0,0.942458587619878,1.0,0.057541412380122,66,0,94.623046875,94.623046875,94.623046875,0.0,2296.60400390625,0.0412012896929803,66,test_daily,43,True
Historical average,test_daily_threshold_sweep,0.925,4,0.0421511627906976,0.0,0.0,0.8482999128160419,1.0,0.1517000871839581,174,0,249.1466827392578,249.1466827392578,249.1466827392578,0.0,2296.60400390625,0.1084848246870113,174,test_daily,43,True
Historical average,test_daily_threshold_sweep,0.9,4,0.0421511627906976,0.0,0.0,0.8482999128160419,1.0,0.1517000871839581,174,0,249.1466827392578,249.1466827392578,249.1466827392578,0.0,2296.60400390625,0.1084848246870113,174,test_daily,43,True
Historical average,test_daily_threshold_sweep,0.875,4,0.0770348837209302,0.0345911949685534,0.003690036900369,0.7323452484742807,0.9654088050314464,0.2676547515257192,318,11,569.2431640625,612.088623046875,612.088623046875,42.84544372558594,2296.60400390625,0.24786300254388,307,test_daily,43,True
Historical average,test_daily_threshold_sweep,0.85,4,0.0886627906976744,0.0355191256830601,0.004360952700436,0.6922406277244987,0.96448087431694,0.3077593722755013,366,13,658.04638671875,703.4888916015625,703.4888916015625,45.442527770996094,2296.60400390625,0.2865301922314389,353,test_daily,43,True
Historical average,test_daily_threshold_sweep,0.825,4,0.0886627906976744,0.0355191256830601,0.004360952700436,0.6922406277244987,0.96448087431694,0.3077593722755013,366,13,658.04638671875,703.4888916015625,703.4888916015625,45.442527770996094,2296.60400390625,0.2865301922314389,353,test_daily,43,True
Historical average,test_daily_threshold_sweep,0.8,4,0.1131298449612403,0.0578158458244111,0.0090573633009057,0.6163905841325196,0.9421841541755888,0.3836094158674804,467,27,867.930419921875,939.759521484375,939.759521484375,71.82909393310547,2296.60400390625,0.3779190572016894,440,test_daily,43,True
Historical average,test_daily_threshold_sweep,0.775,4,0.1424418604651162,0.0612244897959183,0.0120764844012076,0.5187445510026155,0.9387755102040816,0.4812554489973845,588,36,1087.9527587890625,1200.5321044921875,1200.5321044921875,112.57940673828124,2296.60400390625,0.4737223992201461,552,test_daily,43,True
Historical average,test_daily_threshold_sweep,0.75,4,0.1424418604651162,0.0612244897959183,0.0120764844012076,0.5187445510026155,0.9387755102040816,0.4812554489973845,588,36,1087.9527587890625,1200.5321044921875,1200.5321044921875,112.57940673828124,2296.60400390625,0.4737223992201461,552,test_daily,43,True
Historical average,test_daily_threshold_sweep,0.725,4,0.1647286821705426,0.0911764705882352,0.0207983898020798,0.4612031386224934,0.9088235294117648,0.5387968613775065,680,62,1254.3980712890625,1455.660888671875,1455.660888671875,201.26266479492188,2296.60400390625,0.5461969365007989,618,test_daily,43,True
Historical average,test_daily_threshold_sweep,0.7,4,0.1923449612403101,0.1221662468513853,0.0325394163032539,0.3923278116826504,0.8778337531486146,0.6076721883173496,794,97,1351.4541015625,1669.15576171875,1669.15576171875,317.70166015625,2296.60400390625,0.5884576092629976,697,test_daily,43,True
Historical average,test_daily_threshold_sweep,0.675,4,0.2010658914728682,0.1301204819277108,0.0362294532036229,0.3705318221447253,0.8698795180722891,0.6294681778552746,830,108,1435.8299560546875,1782.592041015625,1782.592041015625,346.7620849609375,2296.60400390625,0.6251970098512899,722,test_daily,43,True
Historical average,test_daily_threshold_sweep,0.65,4,0.2112403100775193,0.1410550458715596,0.0412613217041261,0.3469921534437663,0.8589449541284404,0.6530078465562337,872,123,1478.27294921875,1837.212890625,1837.212890625,358.9400329589844,2296.60400390625,0.6436777723562197,749,test_daily,43,True
Historical average,test_daily_threshold_sweep,0.625,4,0.2315891472868217,0.1778242677824267,0.0570278430057027,0.3147340889276373,0.8221757322175732,0.6852659110723627,956,170,1548.5914306640625,1966.2254638671875,1966.2254638671875,417.6340942382813,2296.60400390625,0.6742962339306615,786,test_daily,43,True
Historical average,test_daily_threshold_sweep,0.6,4,0.2315891472868217,0.1778242677824267,0.0570278430057027,0.3147340889276373,0.8221757322175732,0.6852659110723627,956,170,1548.5914306640625,1966.2254638671875,1966.2254638671875,417.6340942382813,2296.60400390625,0.6742962339306615,786,test_daily,43,True
Historical average,test_daily_threshold_sweep,0.575,4,0.2417635658914728,0.1953907815631262,0.0654142905065414,0.2999128160418483,0.8046092184368737,0.7000871839581517,998,195,1575.6082763671875,2020.771484375,2020.771484375,445.1632385253906,2296.60400390625,0.6860600581063454,803,test_daily,43,True
Historical average,test_daily_threshold_sweep,0.55,4,0.2693798449612403,0.2392086330935252,0.0892318014089231,0.2624237140366172,0.7607913669064749,0.7375762859633828,1112,266,1638.2296142578125,2192.725830078125,2192.725830078125,554.49609375,2296.60400390625,0.7133269869212886,846,test_daily,43,True
Historical average,test_daily_threshold_sweep,0.525,4,0.2708333333333333,0.2423971377459749,0.0909090909090909,0.2615518744551002,0.7576028622540251,0.7384481255448997,1118,271,1638.262939453125,2212.11767578125,2212.11767578125,573.8544921875,2296.60400390625,0.7133414975618935,847,test_daily,43,True
Historical average,test_daily_threshold_sweep,0.5,4,0.2882751937984496,0.2478991596638655,0.098960080509896,0.2197035745422842,0.7521008403361344,0.7802964254577158,1190,295,1769.8380126953125,2427.647705078125,2427.647705078125,657.8095703125,2296.60400390625,0.7706326426693626,895,test_daily,43,True
Historical average,test_daily_threshold_sweep,0.45,4,0.3265503875968992,0.2922848664688427,0.132170412613217,0.1682650392327811,0.7077151335311572,0.8317349607672189,1348,394,1858.6171875,2671.033447265625,2671.033447265625,812.416015625,2296.60400390625,0.8092893613085728,954,test_daily,43,True
Historical average,test_daily_threshold_sweep,0.475,4,0.3265503875968992,0.2922848664688427,0.132170412613217,0.1682650392327811,0.7077151335311572,0.8317349607672189,1348,394,1858.6171875,2671.033447265625,2671.033447265625,812.416015625,2296.60400390625,0.8092893613085728,954,test_daily,43,True
Historical average,test_daily_threshold_sweep,0.425,4,0.3454457364341085,0.3022440392706872,0.1445823549144582,0.1325196163905841,0.6977559607293128,0.8674803836094158,1426,431,1957.777099609375,2821.494873046875,2821.494873046875,863.7176513671875,2296.60400390625,0.8524661179199502,995,test_daily,43,True
Historical average,test_daily_threshold_sweep,0.4,4,0.3645833333333333,0.335548172757475,0.1694062395169406,0.1281604184829991,0.6644518272425249,0.8718395815170009,1505,505,1966.3563232421875,3014.81689453125,3014.81689453125,1048.4605712890625,2296.60400390625,0.8562017308589768,1000,test_daily,43,True
Historical average,test_daily_threshold_sweep,0.375,4,0.3645833333333333,0.335548172757475,0.1694062395169406,0.1281604184829991,0.6644518272425249,0.8718395815170009,1505,505,1966.3563232421875,3014.81689453125,3014.81689453125,1048.4605712890625,2296.60400390625,0.8562017308589768,1000,test_daily,43,True
Historical average,test_daily_threshold_sweep,0.35,4,0.3929263565891472,0.3606658446362515,0.1962428715196242,0.0959023539668701,0.6393341553637485,0.90409764603313,1622,585,2038.0372314453125,3289.6748046875,3289.6748046875,1251.637939453125,2296.60400390625,0.8874134278172701,1037,test_daily,43,True
Historical average,test_daily_threshold_sweep,0.325,4,0.4263565891472868,0.3909090909090909,0.2307950352230795,0.065387968613775,0.6090909090909091,0.934612031386225,1760,688,2076.23291015625,3529.2509765625,3529.2509765625,1453.0181884765625,2296.60400390625,0.9040448012042236,1072,test_daily,43,True
Historical average,test_daily_threshold_sweep,0.3,4,0.4263565891472868,0.3909090909090909,0.2307950352230795,0.065387968613775,0.6090909090909091,0.934612031386225,1760,688,2076.23291015625,3529.2509765625,3529.2509765625,1453.0181884765625,2296.60400390625,0.9040448012042236,1072,test_daily,43,True
Historical average,test_daily_threshold_sweep,0.275,4,0.4321705426356589,0.3968609865470852,0.2375041932237504,0.061900610287707,0.6031390134529148,0.9380993897122928,1784,708,2076.758544921875,3534.377197265625,3534.377197265625,1457.6187744140625,2296.60400390625,0.9042736759970618,1076,test_daily,43,True
Historical average,test_daily_threshold_sweep,0.25,4,0.4350775193798449,0.4003340757238307,0.2411942301241194,0.06102877070619,0.5996659242761693,0.93897122929381,1796,719,2076.78857421875,3557.18994140625,3557.18994140625,1480.4013671875,2296.60400390625,0.9042867515193652,1077,test_daily,43,True
Historical average,test_daily_threshold_sweep,0.225,4,0.4350775193798449,0.4003340757238307,0.2411942301241194,0.06102877070619,0.5996659242761693,0.93897122929381,1796,719,2076.78857421875,3557.18994140625,3557.18994140625,1480.4013671875,2296.60400390625,0.9042867515193652,1077,test_daily,43,True
Historical average,test_daily_threshold_sweep,0.2,4,0.4367732558139535,0.4026622296173044,0.2435424354243542,0.06102877070619,0.5973377703826955,0.93897122929381,1803,726,2076.78857421875,3580.26171875,3580.26171875,1503.47314453125,2296.60400390625,0.9042867515193652,1077,test_daily,43,True
Historical average,test_daily_threshold_sweep,0.175,4,0.4629360465116279,0.4322344322344322,0.2770882254277088,0.054054054054054,0.5677655677655677,0.945945945945946,1911,826,2097.78271484375,3925.80615234375,3925.80615234375,1828.0233154296875,2296.60400390625,0.9134281361852856,1085,test_daily,43,True
Historical average,test_daily_threshold_sweep,0.15,4,0.4643895348837209,0.4329681794470527,0.278430057027843,0.05231037489102,0.5670318205529473,0.94768962510898,1917,830,2103.946044921875,3939.14599609375,3939.14599609375,1835.1995849609375,2296.60400390625,0.91611180740925,1087,test_daily,43,True
Historical average,test_daily_threshold_sweep,0.125,4,0.5021802325581395,0.4741919922817173,0.3297551157329755,0.049694856146469,0.5258080077182827,0.9503051438535308,2073,983,2107.672119140625,4438.916015625,4438.916015625,2331.244384765625,2296.60400390625,0.917734235225457,1090,test_daily,43,True
Historical average,test_daily_threshold_sweep,0.1,4,0.5893895348837209,0.5437731196054254,0.4438108017443811,0.032258064516129,0.4562268803945746,0.967741935483871,2433,1323,2151.33154296875,5657.486328125,5657.486328125,3506.154541015625,2296.60400390625,0.9367446626887314,1110,test_daily,43,True
Historical average,test_daily_threshold_sweep,0.075,4,0.6010174418604651,0.550987505038291,0.458570949345857,0.028770706190061,0.449012494961709,0.9712292938099388,2481,1367,2162.72021484375,5854.96826171875,5854.96826171875,3692.248291015625,2296.60400390625,0.9417035810985352,1114,test_daily,43,True
Historical average,test_daily_threshold_sweep,0.05,4,0.6763565891472868,0.6006446991404012,0.5625628983562563,0.027898866608544,0.3993553008595988,0.972101133391456,2792,1677,2166.224853515625,6906.5439453125,6906.5439453125,4740.3193359375,2296.60400390625,0.9432295902258876,1115,test_daily,43,True
LightGBM,test_daily_threshold_sweep,0.95,4,0.0641957364341085,0.0415094339622641,0.003690036900369,0.7785527462946817,0.958490566037736,0.2214472537053182,265,11,493.9231567382813,537.878173828125,537.878173828125,43.95508575439453,2296.60400390625,0.2150667489467826,254,test_daily,43,True
LightGBM,test_daily_threshold_sweep,0.925,4,0.0913275193798449,0.053050397877984,0.0067091580006709,0.6887532693984307,0.946949602122016,0.3112467306015693,377,20,668.3232421875,742.1085205078125,742.1085205078125,73.78524780273438,2296.60400390625,0.2910049974008413,357,test_daily,43,True
LightGBM,test_daily_threshold_sweep,0.9,4,0.1114341085271317,0.0739130434782608,0.0114055686011405,0.6285963382737576,0.9260869565217392,0.3714036617262424,460,34,801.158203125,888.9291381835938,888.9291381835938,87.77088165283203,2296.60400390625,0.3488447297672238,426,test_daily,43,True
LightGBM,test_daily_threshold_sweep,0.875,4,0.1247577519379845,0.0854368932038835,0.014760147601476,0.5893635571054926,0.9145631067961164,0.4106364428945074,515,44,918.45703125,1026.34814453125,1026.34814453125,107.89096069335938,2296.60400390625,0.3999196333751112,471,test_daily,43,True
LightGBM,test_daily_threshold_sweep,0.85,4,0.1417151162790697,0.1128205128205128,0.022140221402214,0.5475152571926766,0.8871794871794871,0.4524847428073234,585,66,1010.2861328125,1135.6949462890625,1135.6949462890625,125.40885162353516,2296.60400390625,0.4399043679685847,519,test_daily,43,True
LightGBM,test_daily_threshold_sweep,0.825,4,0.160610465116279,0.1312217194570135,0.0291848373029184,0.4978204010462075,0.8687782805429864,0.5021795989537925,663,87,1161.90478515625,1310.328857421875,1310.328857421875,148.42384338378906,2296.60400390625,0.5059229989932911,576,test_daily,43,True
LightGBM,test_daily_threshold_sweep,0.8,4,0.1741763565891473,0.1390820584144645,0.0335457900033545,0.4603312990409764,0.8609179415855355,0.5396687009590235,719,100,1249.8271484375,1404.6953125,1404.6953125,154.86825561523438,2296.60400390625,0.5442066400266188,619,test_daily,43,True
LightGBM,test_daily_threshold_sweep,0.775,4,0.1853197674418604,0.1398692810457516,0.0358939953035894,0.4263295553618134,0.8601307189542484,0.5736704446381866,765,107,1360.60009765625,1517.77197265625,1517.77197265625,157.17202758789062,2296.60400390625,0.5924400093973673,658,test_daily,43,True
LightGBM,test_daily_threshold_sweep,0.75,4,0.1935562015503876,0.1451814768460575,0.0389131164038913,0.4045335658238884,0.8548185231539425,0.5954664341761116,799,116,1416.301025390625,1585.090087890625,1585.090087890625,168.78903198242188,2296.60400390625,0.6166936149992187,683,test_daily,43,True
LightGBM,test_daily_threshold_sweep,0.725,4,0.1996124031007752,0.145631067961165,0.0402549480040254,0.3862249346120314,0.8543689320388349,0.6137750653879687,824,120,1475.6788330078125,1645.7037353515625,1645.7037353515625,170.02487182617188,2296.60400390625,0.6425482279478127,704,test_daily,43,True
LightGBM,test_daily_threshold_sweep,0.7,4,0.2114825581395348,0.1557846506300114,0.0456222744045622,0.3574542284219703,0.8442153493699885,0.6425457715780296,873,136,1545.118896484375,1741.920166015625,1741.920166015625,196.8013153076172,2296.60400390625,0.6727842039186172,737,test_daily,43,True
LightGBM,test_daily_threshold_sweep,0.675,4,0.2189922480620155,0.165929203539823,0.0503186850050318,0.3426329555361813,0.834070796460177,0.6573670444638187,904,150,1565.746826171875,1787.796875,1787.796875,222.05007934570312,2296.60400390625,0.6817661309954725,754,test_daily,43,True
LightGBM,test_daily_threshold_sweep,0.65,4,0.2214147286821705,0.1684901531728665,0.051660516605166,0.3374019180470793,0.8315098468271335,0.6625980819529207,914,154,1571.4501953125,1800.558837890625,1800.558837890625,229.10867309570312,2296.60400390625,0.6842495234875714,760,test_daily,43,True
LightGBM,test_daily_threshold_sweep,0.625,4,0.2262596899224806,0.1755888650963597,0.0550150956055015,0.3286835222319093,0.8244111349036403,0.6713164777680907,934,164,1592.7899169921875,1860.6142578125,1860.6142578125,267.82421875,2296.60400390625,0.6935413829650394,770,test_daily,43,True
LightGBM,test_daily_threshold_sweep,0.6,4,0.2366763565891473,0.1975435005117707,0.0647433747064743,0.3164777680906713,0.8024564994882293,0.6835222319093287,977,193,1615.0794677734375,1922.60302734375,1922.60302734375,307.5234680175781,2296.60400390625,0.7032468222760125,784,test_daily,43,True
LightGBM,test_daily_threshold_sweep,0.575,4,0.2422480620155038,0.211,0.0707816169070781,0.3121185701830863,0.789,0.6878814298169137,1000,211,1615.4908447265625,1981.665283203125,1981.665283203125,366.1741943359375,2296.60400390625,0.7034259463010623,789,test_daily,43,True
LightGBM,test_daily_threshold_sweep,0.55,4,0.2507267441860465,0.2202898550724637,0.0764844012076484,0.2964254577157802,0.7797101449275362,0.7035745422842197,1035,228,1631.83740234375,2024.7589111328125,2024.7589111328125,392.92132568359375,2296.60400390625,0.7105436547041584,807,test_daily,43,True
LightGBM,test_daily_threshold_sweep,0.525,4,0.2599321705426357,0.2348555452003727,0.0845353908084535,0.2842197035745423,0.7651444547996272,0.7157802964254577,1073,252,1656.750244140625,2137.86328125,2137.86328125,481.1129455566406,2296.60400390625,0.721391341878134,821,test_daily,43,True
LightGBM,test_daily_threshold_sweep,0.5,4,0.2676841085271317,0.23710407239819,0.0878899698087889,0.2650392327811682,0.7628959276018099,0.7349607672188317,1105,262,1682.8162841796875,2207.22412109375,2207.22412109375,524.4078979492188,2296.60400390625,0.7327411610000755,843,test_daily,43,True
LightGBM,test_daily_threshold_sweep,0.45,4,0.2805232558139535,0.2417962003454231,0.0939282120093928,0.2345248474280732,0.7582037996545768,0.7654751525719268,1158,280,1747.664794921875,2303.71435546875,2303.71435546875,556.049560546875,2296.60400390625,0.7609778577191825,878,test_daily,43,True
LightGBM,test_daily_threshold_sweep,0.425,4,0.2916666666666667,0.2491694352159468,0.1006373700100637,0.2118570183086312,0.7508305647840532,0.7881429816913688,1204,300,1801.2275390625,2375.697021484375,2375.697021484375,574.4693603515625,2296.60400390625,0.7843004436110128,904,test_daily,43,True
LightGBM,test_daily_threshold_sweep,0.4,4,0.3018410852713178,0.2608346709470305,0.1090238175109023,0.1970357454228422,0.7391653290529695,0.8029642545771578,1246,325,1825.9495849609375,2456.689453125,2456.689453125,630.740234375,2296.60400390625,0.7950650533810856,921,test_daily,43,True
LightGBM,test_daily_threshold_sweep,0.375,4,0.3088662790697674,0.2713725490196078,0.1160684334116068,0.1900610287707062,0.7286274509803922,0.8099389712292938,1275,346,1853.438720703125,2525.24951171875,2525.24951171875,671.810791015625,2296.60400390625,0.8070345246941337,929,test_daily,43,True
LightGBM,test_daily_threshold_sweep,0.35,4,0.313953488372093,0.2785493827160494,0.12110030191211,0.1848299912816041,0.7214506172839507,0.8151700087183958,1296,361,1867.0584716796875,2588.190185546875,2588.190185546875,721.1317749023438,2296.60400390625,0.8129649118890515,935,test_daily,43,True
LightGBM,test_daily_threshold_sweep,0.325,4,0.3236434108527132,0.2881736526946107,0.1291512915129151,0.1708805579773321,0.7118263473053892,0.8291194420226679,1336,385,1889.2501220703125,2653.743896484375,2653.743896484375,764.4937744140625,2296.60400390625,0.8226277228712147,951,test_daily,43,True
LightGBM,test_daily_threshold_sweep,0.3,4,0.3309108527131782,0.2972181551976574,0.1361959074136196,0.1630340017436791,0.7027818448023426,0.8369659982563208,1366,406,1899.47119140625,2697.327880859375,2697.327880859375,797.8568725585938,2296.60400390625,0.8270782373345494,960,test_daily,43,True
LightGBM,test_daily_threshold_sweep,0.275,4,0.3488372093023256,0.3229166666666667,0.1559879235155988,0.1499564080209241,0.6770833333333334,0.8500435919790759,1440,465,1923.781005859375,2946.9267578125,2946.9267578125,1023.1458129882812,2296.60400390625,0.8376633510118647,975,test_daily,43,True
LightGBM,test_daily_threshold_sweep,0.25,4,0.3653100775193798,0.3395225464190981,0.1717544448171754,0.1316477768090671,0.6604774535809018,0.8683522231909329,1508,512,1979.2373046875,3120.69482421875,3120.69482421875,1141.45751953125,2296.60400390625,0.8618104389442207,996,test_daily,43,True
LightGBM,test_daily_threshold_sweep,0.225,4,0.3825096899224806,0.3533882203926535,0.1871855082187185,0.1098517872711421,0.6466117796073464,0.8901482127288579,1579,558,2021.5382080078125,3312.5986328125,3312.5986328125,1291.060302734375,2296.60400390625,0.8802293319045933,1021,test_daily,43,True
LightGBM,test_daily_threshold_sweep,0.2,4,0.3936531007751938,0.3667692307692308,0.1999329084199932,0.1028770706190061,0.6332307692307693,0.8971229293809939,1625,596,2031.89208984375,3470.31005859375,3470.31005859375,1438.41796875,2296.60400390625,0.8847376763202291,1029,test_daily,43,True
LightGBM,test_daily_threshold_sweep,0.175,4,0.4132751937984496,0.3851113716295428,0.2203958403220395,0.085440278988666,0.6148886283704572,0.914559721011334,1706,657,2083.40380859375,3685.88720703125,3685.88720703125,1602.483154296875,2296.60400390625,0.907167193408236,1049,test_daily,43,True
LightGBM,test_daily_threshold_sweep,0.15,4,0.4314437984496124,0.4037057832678271,0.2411942301241194,0.074106364428945,0.596294216732173,0.925893635571055,1781,719,2124.66357421875,3933.187744140625,3933.187744140625,1808.52392578125,2296.60400390625,0.9251327484428966,1062,test_daily,43,True
LightGBM,test_daily_threshold_sweep,0.125,4,0.467296511627907,0.4375324002073613,0.2831264676283127,0.054054054054054,0.5624675997926387,0.945945945945946,1929,844,2189.7705078125,4380.1630859375,4380.1630859375,2190.392822265625,2296.60400390625,0.9534819690673538,1085,test_daily,43,True
LightGBM,test_daily_threshold_sweep,0.1,4,0.5048449612403101,0.4716890595009597,0.3297551157329755,0.040104620749782,0.5283109404990403,0.959895379250218,2084,983,2212.46923828125,4845.482421875,4845.482421875,2633.012939453125,2296.60400390625,0.9633655756578424,1101,test_daily,43,True
LightGBM,test_daily_threshold_sweep,0.075,4,0.5515988372093024,0.5094422485726834,0.3891311640389131,0.02615518744551,0.4905577514273166,0.97384481255449,2277,1160,2237.81298828125,5369.3544921875,5369.3544921875,3131.5419921875,2296.60400390625,0.9744008912616178,1117,test_daily,43,True
LightGBM,test_daily_threshold_sweep,0.05,4,0.5906007751937985,0.5401968826907301,0.4417980543441798,0.022667829119442,0.4598031173092698,0.977332170880558,2438,1317,2244.1748046875,5821.3916015625,5821.3916015625,3577.217041015625,2296.60400390625,0.9771709884988556,1121,test_daily,43,True
Random forest,test_daily_threshold_sweep,0.95,4,0.0125968992248062,0.0,0.0,0.954664341761116,1.0,0.045335658238884,52,0,113.57855987548828,113.57855987548828,113.57855987548828,0.0,2296.60400390625,0.0494550038588736,52,test_daily,43,True
Random forest,test_daily_threshold_sweep,0.9,4,0.065406976744186,0.0481481481481481,0.004360952700436,0.7759372275501307,0.9518518518518518,0.2240627724498692,270,13,541.93212890625,596.5733032226562,596.5733032226562,54.64118194580078,2296.60400390625,0.2359710807716471,257,test_daily,43,True
Random forest,test_daily_threshold_sweep,0.875,4,0.0796996124031007,0.0516717325227963,0.0057027843005702,0.7279860505666957,0.9483282674772036,0.2720139494333042,329,17,636.5118408203125,698.85986328125,698.85986328125,62.348045349121094,2296.60400390625,0.2771535013165881,312,test_daily,43,True
Random forest,test_daily_threshold_sweep,0.85,4,0.09375,0.0697674418604651,0.0090573633009057,0.6861377506538797,0.9302325581395348,0.3138622493461203,387,27,705.6163330078125,791.5411376953125,791.5411376953125,85.92485046386719,2296.60400390625,0.3072433609832792,360,test_daily,43,True
Random forest,test_daily_threshold_sweep,0.825,4,0.1126453488372093,0.1161290322580645,0.0181147266018114,0.6416739319965127,0.8838709677419355,0.3583260680034874,465,54,838.1392211914062,942.024169921875,942.024169921875,103.88490295410156,2296.60400390625,0.3649472089075135,411,test_daily,43,True
Random forest,test_daily_threshold_sweep,0.8,4,0.1412306201550387,0.1355060034305317,0.0265011741026501,0.5605928509154315,0.8644939965694682,0.4394071490845684,583,79,980.0400390625,1097.609619140625,1097.609619140625,117.5696029663086,2296.60400390625,0.4267344467725252,504,test_daily,43,True
Random forest,test_daily_threshold_sweep,0.775,4,0.157703488372093,0.162826420890937,0.0355585374035558,0.5248474280732345,0.837173579109063,0.4751525719267654,651,106,1028.9088134765625,1182.415283203125,1182.415283203125,153.5063934326172,2296.60400390625,0.4480131584402496,545,test_daily,43,True
Random forest,test_daily_threshold_sweep,0.75,4,0.1727228682170542,0.1767180925666199,0.0422676954042267,0.4882301656495205,0.82328190743338,0.5117698343504795,713,126,1122.8116455078125,1288.01953125,1288.01953125,165.20794677734375,2296.60400390625,0.4889008482080688,587,test_daily,43,True
Random forest,test_daily_threshold_sweep,0.725,4,0.1906492248062015,0.2020330368487929,0.0533378061053337,0.4524847428073234,0.7979669631512071,0.5475152571926766,787,159,1235.9041748046875,1475.95361328125,1475.95361328125,240.0494842529297,2296.60400390625,0.5381442219479552,628,test_daily,43,True
Random forest,test_daily_threshold_sweep,0.7,4,0.2143895348837209,0.2305084745762712,0.0684334116068433,0.4062772449869224,0.7694915254237288,0.5937227550130776,885,204,1366.88037109375,1691.056640625,1691.056640625,324.17633056640625,2296.60400390625,0.5951746007447732,681,test_daily,43,True
Random forest,test_daily_threshold_sweep,0.675,4,0.2243217054263566,0.2397408207343412,0.0744716538074471,0.3862249346120314,0.7602591792656588,0.6137750653879687,926,222,1436.521240234375,1774.2802734375,1774.2802734375,337.75909423828125,2296.60400390625,0.625498012626915,704,test_daily,43,True
Random forest,test_daily_threshold_sweep,0.65,4,0.2330426356589147,0.2484407484407484,0.0801744381080174,0.3696599825632083,0.7515592515592515,0.6303400174367916,962,239,1468.4326171875,1837.90283203125,1837.90283203125,369.47015380859375,2296.60400390625,0.6393930406329829,723,test_daily,43,True
Random forest,test_daily_threshold_sweep,0.625,4,0.2437015503875969,0.2485089463220676,0.0838644750083864,0.3408892763731473,0.7514910536779325,0.6591107236268526,1006,250,1504.345703125,1883.3095703125,1883.3095703125,378.9637451171875,2296.60400390625,0.6550305148672941,756,test_daily,43,True
Random forest,test_daily_threshold_sweep,0.525,4,0.2890019379844961,0.2548197820620285,0.1019792016101979,0.2249346120313862,0.7451802179379715,0.7750653879686138,1193,304,1703.417236328125,2156.721435546875,2156.721435546875,453.30419921875,2296.60400390625,0.7417113413678698,889,test_daily,43,True
Random forest,test_daily_threshold_sweep,0.5,4,0.2986918604651162,0.2603406326034063,0.1076819859107682,0.2048823016564952,0.7396593673965937,0.7951176983435048,1233,321,1780.19189453125,2274.042236328125,2274.042236328125,493.850341796875,2296.60400390625,0.7751409870849983,912,test_daily,43,True
Random forest,test_daily_threshold_sweep,0.45,4,0.3183139534883721,0.2617960426179604,0.1153975176115397,0.1543156059285091,0.7382039573820396,0.8456843940714909,1314,344,1915.3275146484375,2456.688232421875,2456.688232421875,541.3607177734375,2296.60400390625,0.8339824851784171,970,test_daily,43,True
Random forest,test_daily_threshold_sweep,0.425,4,0.3224321705426357,0.2652141247182569,0.1184166387118416,0.1473408892763731,0.734785875281743,0.8526591107236269,1331,353,1932.7430419921875,2495.187255859375,2495.187255859375,562.4442138671875,2296.60400390625,0.841565650283994,978,test_daily,43,True
Random forest,test_daily_threshold_sweep,0.4,4,0.3333333333333333,0.2805232558139535,0.1294867494129487,0.1368788142981691,0.7194767441860465,0.8631211857018308,1376,386,1953.5516357421875,2637.51318359375,2637.51318359375,683.961181640625,2296.60400390625,0.8506262431047881,990,test_daily,43,True
Random forest,test_daily_threshold_sweep,0.375,4,0.3413275193798449,0.2888573456352022,0.1365313653136531,0.1264167393199651,0.7111426543647977,0.8735832606800349,1409,407,1961.068359375,2682.568359375,2682.568359375,721.4998779296875,2296.60400390625,0.8538992164254073,1002,test_daily,43,True
Random forest,test_daily_threshold_sweep,0.35,4,0.3531976744186046,0.299039780521262,0.1462596444146259,0.1089799476896251,0.700960219478738,0.8910200523103748,1458,436,1976.4190673828125,2737.118408203125,2737.118408203125,760.6993408203125,2296.60400390625,0.8605833064913059,1022,test_daily,43,True
Random forest,test_daily_threshold_sweep,0.325,4,0.3703972868217054,0.3185088293001962,0.1633679973163368,0.091543156059285,0.6814911706998038,0.9084568439407148,1529,487,2023.2152099609375,2861.04248046875,2861.04248046875,837.8275146484375,2296.60400390625,0.8809595413574518,1042,test_daily,43,True
Random forest,test_daily_threshold_sweep,0.3,4,0.3977713178294573,0.3477466504263093,0.1915464609191546,0.066259808195292,0.6522533495736906,0.933740191804708,1642,571,2051.819580078125,3084.1572265625,3084.1572265625,1032.337646484375,2296.60400390625,0.8934146141817327,1071,test_daily,43,True
Random forest,test_daily_threshold_sweep,0.275,4,0.4203003875968992,0.3729106628242075,0.2170412613217041,0.051438535309503,0.6270893371757925,0.948561464690497,1735,647,2070.931640625,3371.320068359375,3371.320068359375,1300.3883056640625,2296.60400390625,0.9017364931449182,1088,test_daily,43,True
Random forest,test_daily_threshold_sweep,0.25,4,0.4513081395348837,0.4095544820182501,0.2559543777255954,0.040976460331299,0.5904455179817498,0.9590235396687008,1863,763,2121.9345703125,3776.34765625,3776.34765625,1654.413330078125,2296.60400390625,0.923944470489184,1100,test_daily,43,True
Random forest,test_daily_threshold_sweep,0.225,4,0.469718992248062,0.4311500773594636,0.2804428044280442,0.038360941586748,0.5688499226405364,0.961639058413252,1939,836,2127.680419921875,4020.31298828125,4020.31298828125,1892.6328125,2296.60400390625,0.9264463600616144,1103,test_daily,43,True
Random forest,test_daily_threshold_sweep,0.2,4,0.4837693798449612,0.4476715072608913,0.2998993626299899,0.038360941586748,0.5523284927391087,0.961639058413252,1997,894,2127.680419921875,4212.7373046875,4212.7373046875,2085.05712890625,2296.60400390625,0.9264463600616144,1103,test_daily,43,True
Random forest,test_daily_threshold_sweep,0.175,4,0.4917635658914728,0.4561576354679802,0.3106340154310634,0.037489102005231,0.5438423645320197,0.962510897994769,2030,926,2128.86328125,4294.1962890625,4294.1962890625,2165.3330078125,2296.60400390625,0.9269614080742944,1104,test_daily,43,True
Random forest,test_daily_threshold_sweep,0.15,4,0.5116279069767442,0.4739583333333333,0.3357933579335793,0.031386224934612,0.5260416666666666,0.968613775065388,2112,1001,2168.9814453125,4498.0830078125,4498.0830078125,2329.1015625,2296.60400390625,0.9444298806513098,1111,test_daily,43,True
Random forest,test_daily_threshold_sweep,0.125,4,0.5542635658914729,0.513986013986014,0.3944984904394498,0.030514385353095,0.486013986013986,0.969485614646905,2288,1176,2174.562255859375,4952.349609375,4952.349609375,2777.78759765625,2296.60400390625,0.9468599080036016,1112,test_daily,43,True
Random forest,test_daily_threshold_sweep,0.1,4,0.6131298449612403,0.5563018569735283,0.4723247232472324,0.020924149956408,0.4436981430264717,0.979075850043592,2531,1408,2200.626953125,5731.193359375,5731.193359375,3530.56640625,2296.60400390625,0.9582091424477164,1123,test_daily,43,True
Random forest,test_daily_threshold_sweep,0.075,4,0.6935562015503876,0.6046105483758295,0.5806776249580677,0.013077593722755,0.3953894516241704,0.986922406277245,2863,1731,2214.7939453125,7000.20068359375,7000.20068359375,4785.40673828125,2296.60400390625,0.9643778124332272,1132,test_daily,43,True
Random forest,test_daily_threshold_sweep,0.05,4,0.7715600775193798,0.6408163265306123,0.684669573968467,0.002615518744551,0.3591836734693877,0.997384481255449,3185,2041,2281.0869140625,8238.1826171875,8238.1826171875,5957.09521484375,2296.60400390625,0.9932434630361364,1144,test_daily,43,True
Transformer,test_daily_threshold_sweep,0.95,4,0.0,0.0,0.0,1.0,0.0,0.0,0,0,0.0,0.0,0.0,0.0,2296.60400390625,0.0,0,test_daily,43,True
Transformer,test_daily_threshold_sweep,0.85,4,0.0247093023255813,0.0588235294117647,0.0020127474002012,0.916303400174368,0.9411764705882352,0.083696599825632,102,6,292.28759765625,305.769775390625,305.769775390625,13.48223114013672,2296.60400390625,0.1272694801363681,96,test_daily,43,True
Transformer,test_daily_threshold_sweep,0.825,4,0.0511143410852713,0.0710900473933649,0.0050318685005031,0.8291194420226679,0.9289099526066352,0.1708805579773321,211,15,418.93597412109375,440.6773681640625,440.6773681640625,21.741397857666016,2296.60400390625,0.1824154157218804,196,test_daily,43,True
Transformer,test_daily_threshold_sweep,0.8,4,0.067829457364341,0.1214285714285714,0.0114055686011405,0.7855274629468177,0.8785714285714286,0.2144725370531822,280,34,501.80230712890625,552.3513793945312,552.3513793945312,50.54906463623047,2296.60400390625,0.2184975321280465,246,test_daily,43,True
Transformer,test_daily_threshold_sweep,0.775,4,0.0804263565891472,0.1475903614457831,0.0164374371016437,0.7532693984306887,0.8524096385542169,0.2467306015693112,332,49,568.5579223632812,631.394775390625,631.394775390625,62.83683395385742,2296.60400390625,0.2475646308184745,283,test_daily,43,True
Transformer,test_daily_threshold_sweep,0.75,4,0.0935077519379845,0.1709844559585492,0.022140221402214,0.7210113339145597,0.8290155440414507,0.2789886660854402,386,66,635.78515625,712.9605712890625,712.9605712890625,77.17546081542969,2296.60400390625,0.2768370843073534,320,test_daily,43,True
Transformer,test_daily_threshold_sweep,0.725,4,0.1065891472868217,0.1954545454545454,0.0288493794028849,0.6913687881429816,0.8045454545454546,0.3086312118570183,440,86,688.225830078125,780.3882446289062,780.3882446289062,92.1623992919922,2296.60400390625,0.2996710921462885,354,test_daily,43,True
Transformer,test_daily_threshold_sweep,0.7,4,0.1199127906976744,0.2101010101010101,0.0348876216034887,0.6591107236268526,0.7898989898989899,0.3408892763731473,495,104,733.115966796875,848.732177734375,848.732177734375,115.61624145507812,2296.60400390625,0.3192174034138806,391,test_daily,43,True
Transformer,test_daily_threshold_sweep,0.675,4,0.1312984496124031,0.2232472324723247,0.040590405904059,0.6329555361813426,0.7767527675276753,0.3670444638186573,542,121,771.25537109375,900.0794677734375,900.0794677734375,128.82400512695312,2296.60400390625,0.3358242734846479,421,test_daily,43,True
Transformer,test_daily_threshold_sweep,0.65,4,0.1414728682170542,0.2294520547945205,0.0449513586044951,0.6076721883173496,0.7705479452054794,0.3923278116826504,584,134,798.808837890625,934.3260498046876,934.3260498046876,135.51722717285156,2296.60400390625,0.3478217561808419,450,test_daily,43,True
Transformer,test_daily_threshold_sweep,0.625,4,0.1504360465116279,0.2318840579710145,0.0483059376048305,0.5841325196163906,0.7681159420289855,0.4158674803836094,621,144,844.9521484375,986.5567626953124,986.5567626953124,141.6046142578125,2296.60400390625,0.3679137313182146,477,test_daily,43,True
Transformer,test_daily_threshold_sweep,0.6,4,0.1564922480620155,0.2321981424148606,0.0503186850050318,0.5675675675675675,0.7678018575851393,0.4324324324324324,646,150,867.1860961914062,1016.1521606445312,1016.1521606445312,148.96604919433594,2296.60400390625,0.3775949596519147,496,test_daily,43,True
Transformer,test_daily_threshold_sweep,0.575,4,0.1678779069767441,0.238095238095238,0.055350553505535,0.5396687009590235,0.7619047619047619,0.4603312990409764,693,165,916.7952880859376,1106.216064453125,1106.216064453125,189.42068481445312,2296.60400390625,0.3991960679884638,528,test_daily,43,True
Transformer,test_daily_threshold_sweep,0.55,4,0.1862887596899224,0.2613784135240572,0.0674270379067427,0.5047951176983435,0.7386215864759428,0.4952048823016565,769,201,964.38916015625,1292.9857177734375,1292.9857177734375,328.5965576171875,2296.60400390625,0.4199196546361231,568,test_daily,43,True
Transformer,test_daily_threshold_sweep,0.525,4,0.2078488372093023,0.2715617715617716,0.0781616907078161,0.4551002615518744,0.7284382284382285,0.5448997384481256,858,233,1042.343994140625,1445.6787109375,1445.6787109375,403.334716796875,2296.60400390625,0.4538631790102786,625,test_daily,43,True
Transformer,test_daily_threshold_sweep,0.5,4,0.2286821705426356,0.2817796610169492,0.0892318014089231,0.4088927637314734,0.7182203389830508,0.5911072362685266,944,266,1165.57568359375,1650.05029296875,1650.05029296875,484.4744262695313,2296.60400390625,0.507521401866079,678,test_daily,43,True
Transformer,test_daily_threshold_sweep,0.475,4,0.2526647286821705,0.2972195589645254,0.1039919490103992,0.3609415867480383,0.7027804410354745,0.6390584132519617,1043,310,1283.0770263671875,1853.865966796875,1853.865966796875,570.788818359375,2296.60400390625,0.5586844855207194,733,test_daily,43,True
Transformer,test_daily_threshold_sweep,0.45,4,0.2771317829457364,0.3068181818181818,0.1177457229117745,0.3086312118570183,0.6931818181818182,0.6913687881429816,1144,351,1411.017333984375,2098.044921875,2098.044921875,687.0274658203125,2296.60400390625,0.6143929609041883,793,test_daily,43,True
Transformer,test_daily_threshold_sweep,0.425,4,0.2943313953488372,0.3160493827160494,0.1288158336128815,0.2755013077593722,0.6839506172839506,0.7244986922406277,1215,384,1500.623291015625,2278.988037109375,2278.988037109375,778.3646850585938,2296.60400390625,0.6534096816269777,831,test_daily,43,True
Transformer,test_daily_threshold_sweep,0.4,4,0.311531007751938,0.322706065318818,0.1392150285139215,0.2406277244986922,0.6772939346811819,0.7593722755013078,1286,415,1610.3072509765625,2470.7138671875,2470.7138671875,860.4066162109375,2296.60400390625,0.7011688772803764,871,test_daily,43,True
Transformer,test_daily_threshold_sweep,0.375,4,0.3289728682170542,0.3328424153166421,0.1516269708151627,0.2101133391455972,0.6671575846833578,0.7898866608544028,1358,452,1699.5775146484375,2639.912841796875,2639.912841796875,940.3353271484376,2296.60400390625,0.7400394285465228,906,test_daily,43,True
Transformer,test_daily_threshold_sweep,0.35,4,0.347141472868217,0.3433356594556874,0.1650452868165045,0.1795989537925021,0.6566643405443127,0.8204010462074979,1433,492,1797.9345703125,2835.513671875,2835.513671875,1037.5791015625,2296.60400390625,0.7828666009701399,941,test_daily,43,True
Transformer,test_daily_threshold_sweep,0.325,4,0.3657945736434108,0.356953642384106,0.1808118081180811,0.1534437663469921,0.643046357615894,0.8465562336530078,1510,539,1895.98876953125,3054.3984375,3054.3984375,1158.409423828125,2296.60400390625,0.8255619019676004,971,test_daily,43,True
Transformer,test_daily_threshold_sweep,0.3,4,0.3827519379844961,0.3727848101265822,0.1975847031197584,0.1360069747166521,0.6272151898734177,0.8639930252833479,1580,589,1947.1649169921875,3239.656982421875,3239.656982421875,1292.4921875,2296.60400390625,0.8478453027514938,991,test_daily,43,True
Transformer,test_daily_threshold_sweep,0.275,4,0.4040697674418604,0.3878896882494004,0.2170412613217041,0.1098517872711421,0.6121103117505995,0.8901482127288579,1668,647,2007.039306640625,3469.83642578125,3469.83642578125,1462.797119140625,2296.60400390625,0.8739161401908601,1021,test_daily,43,True
Transformer,test_daily_threshold_sweep,0.25,4,0.4316860465116279,0.4085297418630751,0.2442133512244213,0.081081081081081,0.5914702581369248,0.918918918918919,1782,728,2085.28173828125,3790.656005859375,3790.656005859375,1705.374267578125,2296.60400390625,0.9079848919249612,1054,test_daily,43,True
Transformer,test_daily_threshold_sweep,0.225,4,0.4580910852713178,0.4230565838180857,0.2683663200268366,0.048823016564952,0.5769434161819144,0.951176983435048,1891,800,2139.53955078125,3997.104248046875,3997.104248046875,1857.5648193359375,2296.60400390625,0.9316101283208372,1091,test_daily,43,True
Transformer,test_daily_threshold_sweep,0.2,4,0.4781976744186046,0.4457953394123607,0.2952029520295203,0.046207497820401,0.5542046605876393,0.953792502179599,1974,880,2149.7744140625,4166.2265625,4166.2265625,2016.4521484375,2296.60400390625,0.9360666490200268,1094,test_daily,43,True
Transformer,test_daily_threshold_sweep,0.175,4,0.4924903100775193,0.4589276930644368,0.3129822207312982,0.040976460331299,0.5410723069355632,0.9590235396687008,2033,933,2169.945556640625,4368.037109375,4368.037109375,2198.09130859375,2296.60400390625,0.9448496793307885,1100,test_daily,43,True
Transformer,test_daily_threshold_sweep,0.15,4,0.502422480620155,0.4681774349083896,0.3257296209325729,0.038360941586748,0.5318225650916104,0.961639058413252,2074,971,2184.880615234375,4477.89013671875,4477.89013671875,2293.009765625,2296.60400390625,0.951352785033098,1103,test_daily,43,True
Transformer,test_daily_threshold_sweep,0.125,4,0.5167151162790697,0.4810126582278481,0.344179805434418,0.03487358326068,0.5189873417721519,0.96512641673932,2133,1026,2201.58447265625,4643.9150390625,4643.9150390625,2442.330078125,2296.60400390625,0.958626070890592,1107,test_daily,43,True
Transformer,test_daily_threshold_sweep,0.1,4,0.5547480620155039,0.5126637554585153,0.3938275746393828,0.027027027027027,0.4873362445414847,0.972972972972973,2290,1174,2216.77197265625,5124.013671875,5124.013671875,2907.2421875,2296.60400390625,0.9652390960242972,1116,test_daily,43,True
Transformer,test_daily_threshold_sweep,0.075,4,0.6053779069767442,0.5510204081632653,0.4619255283461925,0.021795989537925,0.4489795918367347,0.978204010462075,2499,1377,2230.62158203125,5853.4443359375,5853.4443359375,3622.822265625,2296.60400390625,0.971269569432618,1122,test_daily,43,True
Transformer,test_daily_threshold_sweep,0.05,4,0.6727228682170543,0.5912855599567879,0.5508218718550821,0.010462074978204,0.4087144400432121,0.989537925021796,2777,1642,2250.532470703125,6824.2607421875,6824.2607421875,4573.728515625,2296.60400390625,0.979939278550084,1135,test_daily,43,True
