evaluation_scope,strategy_key,strategy_label,selected_by_rules,seasonal_weight,lightgbm_weight,transformer_weight,threshold,anchor_time,window_number_within_horizon,window_start_time,window_end_time_exclusive,window_start_horizon_step,window_end_horizon_step_inclusive,recommended_window_intervals,recommended_window_duration_minutes,occupied_intervals_inside_window,occupied_minutes_inside_window,maximum_continuous_occupied_duration_minutes,conflict_interval_controllable_load_kwh,percent_of_window_occupied,occupied_horizon_steps,conflict_near_beginning,conflict_near_middle,conflict_near_end,conflict_position
validation_only,window_aware_definition_01,Window-aware 0.05/0.75/0.20 @ 0.875,window_aware_W80_Q99,0.05,0.75,0.2,0.875,2018-12-01 00:00:00-08:00,1,2018-12-01 03:30:00-08:00,2018-12-01 08:15:00-08:00,14,32,19,285,14,210,210,29.54706845275,73.68421052631578,19|20|21|22|23|24|25|26|27|28|29|30|31|32,True,True,True,beginning|middle|end
validation_only,window_aware_definition_01,Window-aware 0.05/0.75/0.20 @ 0.875,window_aware_W80_Q99,0.05,0.75,0.2,0.875,2018-12-02 00:00:00-08:00,1,2018-12-02 03:00:00-08:00,2018-12-02 09:15:00-08:00,12,36,25,375,10,150,150,30.1023735085,40.0,27|28|29|30|31|32|33|34|35|36,False,True,True,middle|end
validation_only,window_aware_definition_01,Window-aware 0.05/0.75/0.20 @ 0.875,window_aware_W80_Q99,0.05,0.75,0.2,0.875,2018-12-15 00:00:00-08:00,1,2018-12-15 03:00:00-08:00,2018-12-15 08:30:00-08:00,12,33,22,330,2,30,30,7.946805557499999,9.090909090909092,32|33,False,False,True,end
validation_only,window_aware_definition_01,Window-aware 0.05/0.75/0.20 @ 0.875,window_aware_W80_Q99,0.05,0.75,0.2,0.875,2018-12-21 00:00:00-08:00,1,2018-12-21 04:00:00-08:00,2018-12-21 05:00:00-08:00,16,19,4,60,1,15,15,1.0395588235,25.0,19,False,False,True,end
validation_only,window_aware_definition_01,Window-aware 0.05/0.75/0.20 @ 0.875,window_aware_W80_Q99,0.05,0.75,0.2,0.875,2019-01-05 00:00:00-08:00,1,2019-01-05 03:30:00-08:00,2019-01-05 08:15:00-08:00,14,32,19,285,1,15,15,0.33333333325,5.263157894736842,32,False,False,True,end
validation_only,window_aware_definition_02,"Window-aware primary challenger (W>=85%, Q=99%)",window_aware_W85_Q99,0.4,0.4,0.2,0.85,2018-12-01 00:00:00-08:00,1,2018-12-01 03:30:00-08:00,2018-12-01 08:00:00-08:00,14,31,18,270,13,195,195,27.72873511925,72.22222222222221,19|20|21|22|23|24|25|26|27|28|29|30|31,True,True,True,beginning|middle|end
validation_only,window_aware_definition_02,"Window-aware primary challenger (W>=85%, Q=99%)",window_aware_W85_Q99,0.4,0.4,0.2,0.85,2018-12-02 00:00:00-08:00,1,2018-12-02 03:00:00-08:00,2018-12-02 08:45:00-08:00,12,34,23,345,8,120,120,21.813415176,34.78260869565217,27|28|29|30|31|32|33|34,False,False,True,end
validation_only,window_aware_definition_02,"Window-aware primary challenger (W>=85%, Q=99%)",window_aware_W85_Q99,0.4,0.4,0.2,0.85,2019-01-03 00:00:00-08:00,1,2019-01-03 04:00:00-08:00,2019-01-03 05:00:00-08:00,16,19,4,60,4,60,60,3.66686532525,100.0,16|17|18|19,True,True,True,beginning|middle|end
validation_only,window_aware_definition_03,Window-aware 0.30/0.60/0.10 @ 0.900,window_aware_W90_Q99,0.3,0.6,0.1,0.9,2018-12-01 00:00:00-08:00,1,2018-12-01 03:45:00-08:00,2018-12-01 08:00:00-08:00,15,31,17,255,13,195,195,27.72873511925,76.47058823529412,19|20|21|22|23|24|25|26|27|28|29|30|31,True,True,True,beginning|middle|end
validation_only,window_aware_definition_03,Window-aware 0.30/0.60/0.10 @ 0.900,window_aware_W90_Q99,0.3,0.6,0.1,0.9,2018-12-02 00:00:00-08:00,1,2018-12-02 03:45:00-08:00,2018-12-02 08:45:00-08:00,15,34,20,300,8,120,120,21.813415176,40.0,27|28|29|30|31|32|33|34,False,True,True,middle|end
validation_only,A_forecast_optimal_reference,Canonical forecast-optimal,A_forecast_optimal_reference,0.15,0.6,0.25,0.875,2018-12-01 00:00:00-08:00,1,2018-12-01 03:45:00-08:00,2018-12-01 08:15:00-08:00,15,32,18,270,14,210,210,29.54706845275,77.77777777777779,19|20|21|22|23|24|25|26|27|28|29|30|31|32,True,True,True,beginning|middle|end
validation_only,A_forecast_optimal_reference,Canonical forecast-optimal,A_forecast_optimal_reference,0.15,0.6,0.25,0.875,2018-12-02 00:00:00-08:00,1,2018-12-02 03:00:00-08:00,2018-12-02 08:45:00-08:00,12,34,23,345,8,120,120,21.813415176,34.78260869565217,27|28|29|30|31|32|33|34,False,False,True,end
validation_only,A_forecast_optimal_reference,Canonical forecast-optimal,A_forecast_optimal_reference,0.15,0.6,0.25,0.875,2018-12-15 00:00:00-08:00,1,2018-12-15 03:30:00-08:00,2018-12-15 08:15:00-08:00,14,32,19,285,1,15,15,3.8054166675,5.263157894736842,32,False,False,True,end
validation_only,B_decision_optimal_10pct,Exploratory decision-optimal,B_decision_optimal_10pct,0.65,0.05,0.3,0.775,2018-11-29 00:00:00-08:00,1,2018-11-29 04:00:00-08:00,2018-11-29 05:00:00-08:00,16,19,4,60,3,45,45,0.9424999999999999,75.0,17|18|19,False,True,True,middle|end
validation_only,B_decision_optimal_10pct,Exploratory decision-optimal,B_decision_optimal_10pct,0.65,0.05,0.3,0.775,2018-12-01 00:00:00-08:00,1,2018-12-01 03:30:00-08:00,2018-12-01 08:15:00-08:00,14,32,19,285,14,210,210,29.54706845275,73.68421052631578,19|20|21|22|23|24|25|26|27|28|29|30|31|32,True,True,True,beginning|middle|end
validation_only,B_decision_optimal_10pct,Exploratory decision-optimal,B_decision_optimal_10pct,0.65,0.05,0.3,0.775,2018-12-02 00:00:00-08:00,1,2018-12-02 03:00:00-08:00,2018-12-02 10:00:00-08:00,12,39,28,420,13,195,195,35.866196426,46.42857142857143,27|28|29|30|31|32|33|34|35|36|37|38|39,False,True,True,middle|end
validation_only,B_decision_optimal_10pct,Exploratory decision-optimal,B_decision_optimal_10pct,0.65,0.05,0.3,0.775,2018-12-15 00:00:00-08:00,1,2018-12-15 03:30:00-08:00,2018-12-15 08:15:00-08:00,14,32,19,285,1,15,15,3.8054166675,5.263157894736842,32,False,False,True,end
validation_only,B_decision_optimal_10pct,Exploratory decision-optimal,B_decision_optimal_10pct,0.65,0.05,0.3,0.775,2019-01-03 00:00:00-08:00,1,2019-01-03 04:00:00-08:00,2019-01-03 05:00:00-08:00,16,19,4,60,4,60,60,3.66686532525,100.0,16|17|18|19,True,True,True,beginning|middle|end
validation_only,B_decision_optimal_10pct,Exploratory decision-optimal,B_decision_optimal_10pct,0.65,0.05,0.3,0.775,2019-01-05 00:00:00-08:00,1,2019-01-05 03:30:00-08:00,2019-01-05 08:15:00-08:00,14,32,19,285,1,15,15,0.33333333325,5.263157894736842,32,False,False,True,end
validation_only,C_decision_optimal_99pct_floor,Exploratory 99% AUPRC-floor,C_decision_optimal_99pct_floor,0.35,0.35,0.3,0.8,2018-11-29 00:00:00-08:00,1,2018-11-29 04:00:00-08:00,2018-11-29 05:00:00-08:00,16,19,4,60,3,45,45,0.9424999999999999,75.0,17|18|19,False,True,True,middle|end
validation_only,C_decision_optimal_99pct_floor,Exploratory 99% AUPRC-floor,C_decision_optimal_99pct_floor,0.35,0.35,0.3,0.8,2018-12-01 00:00:00-08:00,1,2018-12-01 03:15:00-08:00,2018-12-01 08:30:00-08:00,13,33,21,315,15,225,225,30.95441220275,71.42857142857143,19|20|21|22|23|24|25|26|27|28|29|30|31|32|33,True,True,True,beginning|middle|end
validation_only,C_decision_optimal_99pct_floor,Exploratory 99% AUPRC-floor,C_decision_optimal_99pct_floor,0.35,0.35,0.3,0.8,2018-12-02 00:00:00-08:00,1,2018-12-02 03:00:00-08:00,2018-12-02 10:00:00-08:00,12,39,28,420,13,195,195,35.866196426,46.42857142857143,27|28|29|30|31|32|33|34|35|36|37|38|39,False,True,True,middle|end
validation_only,C_decision_optimal_99pct_floor,Exploratory 99% AUPRC-floor,C_decision_optimal_99pct_floor,0.35,0.35,0.3,0.8,2018-12-15 00:00:00-08:00,1,2018-12-15 03:15:00-08:00,2018-12-15 08:30:00-08:00,13,33,21,315,2,30,30,7.946805557499999,9.523809523809524,32|33,False,False,True,end
validation_only,C_decision_optimal_99pct_floor,Exploratory 99% AUPRC-floor,C_decision_optimal_99pct_floor,0.35,0.35,0.3,0.8,2018-12-21 00:00:00-08:00,1,2018-12-21 04:00:00-08:00,2018-12-21 05:00:00-08:00,16,19,4,60,1,15,15,1.0395588235,25.0,19,False,False,True,end
validation_only,C_decision_optimal_99pct_floor,Exploratory 99% AUPRC-floor,C_decision_optimal_99pct_floor,0.35,0.35,0.3,0.8,2019-01-03 00:00:00-08:00,1,2019-01-03 04:00:00-08:00,2019-01-03 05:00:00-08:00,16,19,4,60,4,60,60,3.66686532525,100.0,16|17|18|19,True,True,True,beginning|middle|end
validation_only,C_decision_optimal_99pct_floor,Exploratory 99% AUPRC-floor,C_decision_optimal_99pct_floor,0.35,0.35,0.3,0.8,2019-01-05 00:00:00-08:00,1,2019-01-05 03:30:00-08:00,2019-01-05 08:30:00-08:00,14,33,20,300,2,30,30,0.6666666665,10.0,32|33,False,False,True,end
